first_name,last_name,personal_email,phone,country_code,language
Valérie,Baudson,valerie.baudson@amundi.com,+33176333030,FR,FR
Fannie,Wurtz,fannie.wurtz@amundi.com,+33176333030,FR,FR
François-Marc,Durand,fm.durand@lazard.fr,+33144130461,FR,FR
Frédéric,Janbon,frederic.janbon@bnpparibas.com,+33158977000,FR,FR
Edouard,Carmignac,edouard.carmignac@carmignac.com,+33142861010,FR,FR
Guillaume,Rigeade,grigeade@mandarine-gestion.com,+33153402020,FR,FR
Eric,Franc,efranc@dnca-investments.com,+33158621560,FR,FR
Imen,Hazgui,ihazgui@elevacapital.com,+33146702000,FR,FR
